,tissue_annotations
cell_00000,Stroma
cell_00001,Immune
cell_00002,Stroma
cell_00003,Immune
cell_00004,Immune
cell_00005,Stroma
cell_00006,Immune
cell_00007,Immune
cell_00008,Immune
cell_00009,Immune
cell_00010,Immune
cell_00011,Immune
cell_00012,Immune
cell_00013,Stroma
cell_00014,Immune
cell_00015,Immune
cell_00016,Immune
cell_00017,Immune
cell_00018,Stroma
cell_00019,Immune
cell_00020,Stroma
cell_00021,Immune
cell_00022,Immune
cell_00023,Immune
cell_00024,Immune
cell_00025,Immune
cell_00026,Immune
cell_00027,Immune
cell_00028,Immune
cell_00029,Immune
cell_00030,Immune
cell_00031,Stroma
cell_00032,Immune
cell_00033,Immune
cell_00034,Immune
cell_00035,Immune
cell_00036,Immune
cell_00037,Immune
cell_00038,Immune
cell_00039,Stroma
cell_00040,Immune
cell_00041,Stroma
cell_00042,Immune
cell_00043,Immune
cell_00044,Stroma
cell_00045,Immune
cell_00046,Immune
cell_00047,Immune
cell_00048,Immune
cell_00049,Immune
cell_00050,Immune
cell_00051,Immune
cell_00052,Immune
cell_00053,Stroma
cell_00054,Immune
cell_00055,Immune
cell_00056,Immune
cell_00057,Immune
cell_00058,Immune
cell_00059,Immune
cell_00060,Stroma
cell_00061,Immune
cell_00062,Immune
cell_00063,Immune
cell_00064,Immune
cell_00065,Stroma
cell_00066,Immune
cell_00067,Immune
cell_00068,Immune
cell_00069,Immune
cell_00070,Immune
cell_00071,Immune
cell_00072,Immune
cell_00073,Immune
cell_00074,Tumor
cell_00075,Immune
cell_00076,Immune
cell_00077,Immune
cell_00078,Immune
cell_00079,Immune
cell_00080,Immune
cell_00081,Immune
cell_00082,Stroma
cell_00083,Immune
cell_00084,Immune
cell_00085,Immune
cell_00086,Immune
cell_00087,Immune
cell_00088,Immune
cell_00089,Immune
cell_00090,Immune
cell_00091,Stroma
cell_00092,Immune
cell_00093,Immune
cell_00094,Immune
cell_00095,Immune
cell_00096,Immune
cell_00097,Immune
cell_00098,Immune
cell_00099,Immune
cell_00100,Stroma
cell_00101,Immune
cell_00102,Immune
cell_00103,Stroma
cell_00104,Immune
cell_00105,Stroma
cell_00106,Immune
cell_00107,Immune
cell_00108,Immune
cell_00109,Immune
cell_00110,Immune
cell_00111,Immune
cell_00112,Immune
cell_00113,Immune
cell_00114,Immune
cell_00115,Stroma
cell_00116,Immune
cell_00117,Immune
cell_00118,Immune
cell_00119,Immune
cell_00120,Immune
cell_00121,Immune
cell_00122,Immune
cell_00123,Immune
cell_00124,Immune
cell_00125,Stroma
cell_00126,Stroma
cell_00127,Immune
cell_00128,Immune
cell_00129,Immune
cell_00130,Immune
cell_00131,Tumor
cell_00132,Tumor
cell_00133,Tumor
cell_00134,Stroma
cell_00135,Tumor
cell_00136,Stroma
cell_00137,Stroma
cell_00138,Tumor
cell_00139,Stroma
cell_00140,Tumor
cell_00141,Stroma
cell_00142,Tumor
cell_00143,Tumor
cell_00144,Stroma
cell_00145,Stroma
cell_00146,Tumor
cell_00147,Tumor
cell_00148,Stroma
cell_00149,Immune
cell_00150,Stroma
cell_00151,Immune
cell_00152,Stroma
cell_00153,Tumor
cell_00154,Stroma
cell_00155,Stroma
cell_00156,Immune
cell_00157,Stroma
cell_00158,Stroma
cell_00159,Immune
cell_00160,Stroma
cell_00161,Stroma
cell_00162,Stroma
cell_00163,Immune
cell_00164,Tumor
cell_00165,Stroma
cell_00166,Stroma
cell_00167,Stroma
cell_00168,Stroma
cell_00169,Stroma
cell_00170,Stroma
cell_00171,Stroma
cell_00172,Stroma
cell_00173,Immune
cell_00174,Immune
cell_00175,Stroma
cell_00176,Stroma
cell_00177,Tumor
cell_00178,Stroma
cell_00179,Tumor
cell_00180,Tumor
cell_00181,Tumor
cell_00182,Tumor
cell_00183,Immune
cell_00184,Stroma
cell_00185,Immune
cell_00186,Stroma
cell_00187,Stroma
cell_00188,Stroma
cell_00189,Stroma
cell_00190,Immune
cell_00191,Stroma
cell_00192,Stroma
cell_00193,Immune
cell_00194,Stroma
cell_00195,Stroma
cell_00196,Immune
cell_00197,Stroma
cell_00198,Immune
cell_00199,Stroma
cell_00200,Immune
cell_00201,Tumor
cell_00202,Tumor
cell_00203,Immune
cell_00204,Immune
cell_00205,Stroma
cell_00206,Stroma
cell_00207,Stroma
cell_00208,Immune
cell_00209,Immune
cell_00210,Tumor
cell_00211,Stroma
cell_00212,Stroma
cell_00213,Stroma
cell_00214,Tumor
cell_00215,Immune
cell_00216,Immune
cell_00217,Stroma
cell_00218,Tumor
cell_00219,Stroma
cell_00220,Stroma
cell_00221,Tumor
cell_00222,Stroma
cell_00223,Stroma
cell_00224,Stroma
cell_00225,Stroma
cell_00226,Stroma
cell_00227,Immune
cell_00228,Immune
cell_00229,Stroma
cell_00230,Immune
cell_00231,Immune
cell_00232,Immune
cell_00233,Tumor
cell_00234,Tumor
cell_00235,Tumor
cell_00236,Immune
cell_00237,Stroma
cell_00238,Immune
cell_00239,Stroma
cell_00240,Stroma
cell_00241,Immune
cell_00242,Stroma
cell_00243,Stroma
cell_00244,Stroma
cell_00245,Stroma
cell_00246,Stroma
cell_00247,Stroma
cell_00248,Stroma
cell_00249,Stroma
cell_00250,Stroma
cell_00251,Stroma
cell_00252,Stroma
cell_00253,Stroma
cell_00254,Tumor
cell_00255,Stroma
cell_00256,Immune
cell_00257,Tumor
cell_00258,Immune
cell_00259,Stroma
cell_00260,Stroma
cell_00261,Stroma
cell_00262,Stroma
cell_00263,Immune
cell_00264,Stroma
cell_00265,Immune
cell_00266,Tumor
cell_00267,Stroma
cell_00268,Tumor
cell_00269,Tumor
cell_00270,Stroma
cell_00271,Stroma
cell_00272,Tumor
cell_00273,Stroma
cell_00274,Stroma
cell_00275,Tumor
cell_00276,Stroma
cell_00277,Immune
cell_00278,Stroma
cell_00279,Stroma
cell_00280,Immune
cell_00281,Stroma
cell_00282,Stroma
cell_00283,Stroma
cell_00284,Immune
cell_00285,Immune
cell_00286,Tumor
cell_00287,Tumor
cell_00288,Immune
cell_00289,Stroma
cell_00290,Stroma
cell_00291,Tumor
cell_00292,Stroma
cell_00293,Stroma
cell_00294,Immune
cell_00295,Immune
cell_00296,Stroma
cell_00297,Immune
cell_00298,Immune
cell_00299,Stroma
cell_00300,Stroma
cell_00301,Tumor
cell_00302,Stroma
cell_00303,Stroma
cell_00304,Tumor
cell_00305,Stroma
cell_00306,Stroma
cell_00307,Stroma
cell_00308,Stroma
cell_00309,Tumor
cell_00310,Tumor
cell_00311,Immune
cell_00312,Stroma
cell_00313,Immune
cell_00314,Stroma
cell_00315,Stroma
cell_00316,Immune
cell_00317,Stroma
cell_00318,Stroma
cell_00319,Stroma
cell_00320,Immune
cell_00321,Immune
cell_00322,Stroma
cell_00323,Immune
cell_00324,Immune
cell_00325,Tumor
cell_00326,Immune
cell_00327,Immune
cell_00328,Stroma
cell_00329,Stroma
cell_00330,Stroma
cell_00331,Stroma
cell_00332,Stroma
cell_00333,Immune
cell_00334,Stroma
cell_00335,Stroma
cell_00336,Immune
cell_00337,Stroma
cell_00338,Stroma
cell_00339,Immune
cell_00340,Stroma
cell_00341,Immune
cell_00342,Stroma
cell_00343,Stroma
cell_00344,Stroma
cell_00345,Immune
cell_00346,Stroma
cell_00347,Tumor
cell_00348,Immune
cell_00349,Immune
cell_00350,Immune
cell_00351,Tumor
cell_00352,Immune
cell_00353,Stroma
cell_00354,Stroma
cell_00355,Stroma
cell_00356,Stroma
cell_00357,Stroma
cell_00358,Tumor
cell_00359,Immune
cell_00360,Stroma
cell_00361,Immune
cell_00362,Stroma
cell_00363,Tumor
cell_00364,Stroma
cell_00365,Stroma
cell_00366,Immune
cell_00367,Stroma
cell_00368,Stroma
cell_00369,Stroma
cell_00370,Stroma
cell_00371,Stroma
cell_00372,Stroma
cell_00373,Stroma
cell_00374,Stroma
cell_00375,Immune
cell_00376,Immune
cell_00377,Immune
cell_00378,Immune
cell_00379,Stroma
cell_00380,Immune
cell_00381,Immune
cell_00382,Immune
cell_00383,Immune
cell_00384,Immune
cell_00385,Immune
cell_00386,Immune
cell_00387,Immune
cell_00388,Stroma
cell_00389,Immune
cell_00390,Immune
cell_00391,Stroma
cell_00392,Immune
cell_00393,Immune
cell_00394,Stroma
cell_00395,Stroma
cell_00396,Immune
cell_00397,Immune
cell_00398,Immune
cell_00399,Immune
cell_00400,Immune
cell_00401,Immune
cell_00402,Stroma
cell_00403,Stroma
cell_00404,Immune
cell_00405,Immune
cell_00406,Immune
cell_00407,Immune
cell_00408,Immune
cell_00409,Immune
cell_00410,Immune
cell_00411,Immune
cell_00412,Immune
cell_00413,Immune
cell_00414,Stroma
cell_00415,Immune
cell_00416,Immune
cell_00417,Tumor
cell_00418,Tumor
cell_00419,Immune
cell_00420,Immune
cell_00421,Immune
cell_00422,Stroma
cell_00423,Immune
cell_00424,Immune
cell_00425,Immune
cell_00426,Immune
cell_00427,Immune
cell_00428,Stroma
cell_00429,Tumor
cell_00430,Immune
cell_00431,Immune
cell_00432,Immune
cell_00433,Immune
cell_00434,Stroma
cell_00435,Stroma
cell_00436,Stroma
cell_00437,Immune
cell_00438,Immune
cell_00439,Immune
cell_00440,Stroma
cell_00441,Immune
cell_00442,Immune
cell_00443,Immune
cell_00444,Immune
cell_00445,Immune
cell_00446,Immune
cell_00447,Immune
cell_00448,Stroma
cell_00449,Stroma
cell_00450,Stroma
cell_00451,Immune
cell_00452,Immune
cell_00453,Stroma
cell_00454,Stroma
cell_00455,Immune
cell_00456,Immune
cell_00457,Immune
cell_00458,Stroma
cell_00459,Immune
cell_00460,Immune
cell_00461,Stroma
cell_00462,Immune
cell_00463,Immune
cell_00464,Immune
cell_00465,Immune
cell_00466,Immune
cell_00467,Immune
cell_00468,Stroma
cell_00469,Immune
cell_00470,Immune
cell_00471,Immune
cell_00472,Stroma
cell_00473,Stroma
cell_00474,Immune
cell_00475,Immune
cell_00476,Immune
cell_00477,Immune
cell_00478,Immune
cell_00479,Stroma
cell_00480,Immune
cell_00481,Immune
cell_00482,Immune
cell_00483,Immune
cell_00484,Stroma
cell_00485,Immune
cell_00486,Immune
cell_00487,Stroma
cell_00488,Immune
cell_00489,Immune
cell_00490,Immune
cell_00491,Immune
cell_00492,Immune
cell_00493,Stroma
cell_00494,Immune
cell_00495,Immune
cell_00496,Immune
cell_00497,Immune
cell_00498,Stroma
cell_00499,Immune
cell_00500,Tumor
cell_00501,Tumor
cell_00502,Tumor
cell_00503,Stroma
cell_00504,Stroma
cell_00505,Stroma
cell_00506,Stroma
cell_00507,Tumor
cell_00508,Stroma
cell_00509,Immune
cell_00510,Immune
cell_00511,Tumor
cell_00512,Immune
cell_00513,Immune
cell_00514,Stroma
cell_00515,Stroma
cell_00516,Immune
cell_00517,Stroma
cell_00518,Immune
cell_00519,Stroma
cell_00520,Stroma
cell_00521,Stroma
cell_00522,Immune
cell_00523,Stroma
cell_00524,Immune
cell_00525,Stroma
cell_00526,Tumor
cell_00527,Tumor
cell_00528,Tumor
cell_00529,Stroma
cell_00530,Stroma
cell_00531,Stroma
cell_00532,Stroma
cell_00533,Stroma
cell_00534,Immune
cell_00535,Stroma
cell_00536,Stroma
cell_00537,Immune
cell_00538,Immune
cell_00539,Tumor
cell_00540,Immune
cell_00541,Stroma
cell_00542,Stroma
cell_00543,Tumor
cell_00544,Immune
cell_00545,Stroma
cell_00546,Stroma
cell_00547,Immune
cell_00548,Stroma
cell_00549,Stroma
cell_00550,Stroma
cell_00551,Immune
cell_00552,Stroma
cell_00553,Tumor
cell_00554,Immune
cell_00555,Stroma
cell_00556,Immune
cell_00557,Stroma
cell_00558,Stroma
cell_00559,Stroma
cell_00560,Immune
cell_00561,Stroma
cell_00562,Tumor
cell_00563,Stroma
cell_00564,Stroma
cell_00565,Stroma
cell_00566,Stroma
cell_00567,Tumor
cell_00568,Stroma
cell_00569,Stroma
cell_00570,Immune
cell_00571,Tumor
cell_00572,Stroma
cell_00573,Tumor
cell_00574,Tumor
cell_00575,Stroma
cell_00576,Tumor
cell_00577,Stroma
cell_00578,Stroma
cell_00579,Stroma
cell_00580,Stroma
cell_00581,Stroma
cell_00582,Immune
cell_00583,Stroma
cell_00584,Stroma
cell_00585,Stroma
cell_00586,Immune
cell_00587,Immune
cell_00588,Immune
cell_00589,Immune
cell_00590,Tumor
cell_00591,Stroma
cell_00592,Stroma
cell_00593,Stroma
cell_00594,Immune
cell_00595,Stroma
cell_00596,Stroma
cell_00597,Stroma
cell_00598,Tumor
cell_00599,Stroma
cell_00600,Stroma
cell_00601,Tumor
cell_00602,Tumor
cell_00603,Stroma
cell_00604,Stroma
cell_00605,Stroma
cell_00606,Tumor
cell_00607,Immune
cell_00608,Stroma
cell_00609,Stroma
cell_00610,Stroma
cell_00611,Stroma
cell_00612,Tumor
cell_00613,Tumor
cell_00614,Immune
cell_00615,Stroma
cell_00616,Stroma
cell_00617,Stroma
cell_00618,Immune
cell_00619,Immune
cell_00620,Tumor
cell_00621,Stroma
cell_00622,Tumor
cell_00623,Stroma
cell_00624,Tumor
cell_00625,Tumor
cell_00626,Tumor
cell_00627,Tumor
cell_00628,Tumor
cell_00629,Tumor
cell_00630,Tumor
cell_00631,Tumor
cell_00632,Tumor
cell_00633,Tumor
cell_00634,Tumor
cell_00635,Tumor
cell_00636,Tumor
cell_00637,Tumor
cell_00638,Tumor
cell_00639,Tumor
cell_00640,Tumor
cell_00641,Tumor
cell_00642,Tumor
cell_00643,Stroma
cell_00644,Tumor
cell_00645,Tumor
cell_00646,Tumor
cell_00647,Tumor
cell_00648,Tumor
cell_00649,Tumor
cell_00650,Tumor
cell_00651,Tumor
cell_00652,Tumor
cell_00653,Tumor
cell_00654,Tumor
cell_00655,Tumor
cell_00656,Tumor
cell_00657,Tumor
cell_00658,Tumor
cell_00659,Tumor
cell_00660,Tumor
cell_00661,Tumor
cell_00662,Tumor
cell_00663,Tumor
cell_00664,Tumor
cell_00665,Tumor
cell_00666,Tumor
cell_00667,Tumor
cell_00668,Tumor
cell_00669,Tumor
cell_00670,Tumor
cell_00671,Tumor
cell_00672,Tumor
cell_00673,Tumor
cell_00674,Tumor
cell_00675,Tumor
cell_00676,Tumor
cell_00677,Tumor
cell_00678,Tumor
cell_00679,Tumor
cell_00680,Tumor
cell_00681,Immune
cell_00682,Stroma
cell_00683,Tumor
cell_00684,Tumor
cell_00685,Tumor
cell_00686,Tumor
cell_00687,Tumor
cell_00688,Tumor
cell_00689,Tumor
cell_00690,Tumor
cell_00691,Tumor
cell_00692,Tumor
cell_00693,Tumor
cell_00694,Tumor
cell_00695,Tumor
cell_00696,Tumor
cell_00697,Tumor
cell_00698,Tumor
cell_00699,Tumor
cell_00700,Tumor
cell_00701,Tumor
cell_00702,Tumor
cell_00703,Tumor
cell_00704,Tumor
cell_00705,Tumor
cell_00706,Tumor
cell_00707,Tumor
cell_00708,Tumor
cell_00709,Tumor
cell_00710,Tumor
cell_00711,Tumor
cell_00712,Tumor
cell_00713,Tumor
cell_00714,Tumor
cell_00715,Tumor
cell_00716,Tumor
cell_00717,Tumor
cell_00718,Tumor
cell_00719,Tumor
cell_00720,Tumor
cell_00721,Tumor
cell_00722,Tumor
cell_00723,Tumor
cell_00724,Tumor
cell_00725,Tumor
cell_00726,Tumor
cell_00727,Tumor
cell_00728,Tumor
cell_00729,Tumor
cell_00730,Tumor
cell_00731,Tumor
cell_00732,Tumor
cell_00733,Tumor
cell_00734,Tumor
cell_00735,Tumor
cell_00736,Tumor
cell_00737,Stroma
cell_00738,Tumor
cell_00739,Tumor
cell_00740,Stroma
cell_00741,Tumor
cell_00742,Tumor
cell_00743,Tumor
cell_00744,Tumor
cell_00745,Immune
cell_00746,Tumor
cell_00747,Tumor
cell_00748,Tumor
cell_00749,Tumor
cell_00750,Tumor
cell_00751,Tumor
cell_00752,Tumor
cell_00753,Tumor
cell_00754,Tumor
cell_00755,Tumor
cell_00756,Tumor
cell_00757,Tumor
cell_00758,Tumor
cell_00759,Tumor
cell_00760,Tumor
cell_00761,Tumor
cell_00762,Tumor
cell_00763,Tumor
cell_00764,Stroma
cell_00765,Tumor
cell_00766,Tumor
cell_00767,Tumor
cell_00768,Tumor
cell_00769,Tumor
cell_00770,Tumor
cell_00771,Tumor
cell_00772,Stroma
cell_00773,Tumor
cell_00774,Tumor
cell_00775,Tumor
cell_00776,Tumor
cell_00777,Tumor
cell_00778,Tumor
cell_00779,Tumor
cell_00780,Tumor
cell_00781,Tumor
cell_00782,Tumor
cell_00783,Tumor
cell_00784,Tumor
cell_00785,Tumor
cell_00786,Tumor
cell_00787,Tumor
cell_00788,Tumor
cell_00789,Tumor
cell_00790,Tumor
cell_00791,Immune
cell_00792,Tumor
cell_00793,Tumor
cell_00794,Tumor
cell_00795,Tumor
cell_00796,Tumor
cell_00797,Tumor
cell_00798,Tumor
cell_00799,Tumor
cell_00800,Tumor
cell_00801,Tumor
cell_00802,Tumor
cell_00803,Tumor
cell_00804,Tumor
cell_00805,Tumor
cell_00806,Tumor
cell_00807,Tumor
cell_00808,Tumor
cell_00809,Tumor
cell_00810,Tumor
cell_00811,Tumor
cell_00812,Tumor
cell_00813,Tumor
cell_00814,Tumor
cell_00815,Tumor
cell_00816,Tumor
cell_00817,Tumor
cell_00818,Tumor
cell_00819,Tumor
cell_00820,Tumor
cell_00821,Tumor
cell_00822,Tumor
cell_00823,Tumor
cell_00824,Tumor
cell_00825,Tumor
cell_00826,Tumor
cell_00827,Tumor
cell_00828,Tumor
cell_00829,Tumor
cell_00830,Tumor
cell_00831,Tumor
cell_00832,Tumor
cell_00833,Tumor
cell_00834,Tumor
cell_00835,Tumor
cell_00836,Tumor
cell_00837,Immune
cell_00838,Tumor
cell_00839,Tumor
cell_00840,Tumor
cell_00841,Tumor
cell_00842,Tumor
cell_00843,Tumor
cell_00844,Tumor
cell_00845,Tumor
cell_00846,Tumor
cell_00847,Tumor
cell_00848,Tumor
cell_00849,Tumor
cell_00850,Tumor
cell_00851,Tumor
cell_00852,Tumor
cell_00853,Tumor
cell_00854,Tumor
cell_00855,Tumor
cell_00856,Tumor
cell_00857,Tumor
cell_00858,Immune
cell_00859,Tumor
cell_00860,Tumor
cell_00861,Tumor
cell_00862,Tumor
cell_00863,Tumor
cell_00864,Tumor
cell_00865,Tumor
cell_00866,Tumor
cell_00867,Tumor
cell_00868,Tumor
cell_00869,Tumor
cell_00870,Tumor
cell_00871,Tumor
cell_00872,Stroma
cell_00873,Tumor
cell_00874,Tumor
cell_00875,Immune
cell_00876,Stroma
cell_00877,Stroma
cell_00878,Stroma
cell_00879,Immune
cell_00880,Stroma
cell_00881,Stroma
cell_00882,Immune
cell_00883,Stroma
cell_00884,Tumor
cell_00885,Stroma
cell_00886,Stroma
cell_00887,Tumor
cell_00888,Stroma
cell_00889,Immune
cell_00890,Stroma
cell_00891,Immune
cell_00892,Stroma
cell_00893,Tumor
cell_00894,Stroma
cell_00895,Immune
cell_00896,Tumor
cell_00897,Stroma
cell_00898,Tumor
cell_00899,Stroma
cell_00900,Stroma
cell_00901,Tumor
cell_00902,Stroma
cell_00903,Stroma
cell_00904,Immune
cell_00905,Stroma
cell_00906,Stroma
cell_00907,Stroma
cell_00908,Tumor
cell_00909,Stroma
cell_00910,Stroma
cell_00911,Immune
cell_00912,Immune
cell_00913,Immune
cell_00914,Immune
cell_00915,Immune
cell_00916,Stroma
cell_00917,Tumor
cell_00918,Stroma
cell_00919,Stroma
cell_00920,Tumor
cell_00921,Immune
cell_00922,Stroma
cell_00923,Stroma
cell_00924,Stroma
cell_00925,Stroma
cell_00926,Tumor
cell_00927,Immune
cell_00928,Stroma
cell_00929,Stroma
cell_00930,Stroma
cell_00931,Stroma
cell_00932,Stroma
cell_00933,Stroma
cell_00934,Stroma
cell_00935,Stroma
cell_00936,Immune
cell_00937,Stroma
cell_00938,Immune
cell_00939,Stroma
cell_00940,Tumor
cell_00941,Immune
cell_00942,Tumor
cell_00943,Stroma
cell_00944,Stroma
cell_00945,Stroma
cell_00946,Stroma
cell_00947,Immune
cell_00948,Immune
cell_00949,Stroma
cell_00950,Stroma
cell_00951,Tumor
cell_00952,Stroma
cell_00953,Tumor
cell_00954,Immune
cell_00955,Immune
cell_00956,Immune
cell_00957,Stroma
cell_00958,Stroma
cell_00959,Stroma
cell_00960,Stroma
cell_00961,Stroma
cell_00962,Stroma
cell_00963,Tumor
cell_00964,Immune
cell_00965,Immune
cell_00966,Immune
cell_00967,Stroma
cell_00968,Tumor
cell_00969,Stroma
cell_00970,Stroma
cell_00971,Tumor
cell_00972,Stroma
cell_00973,Immune
cell_00974,Stroma
cell_00975,Stroma
cell_00976,Stroma
cell_00977,Stroma
cell_00978,Stroma
cell_00979,Tumor
cell_00980,Immune
cell_00981,Immune
cell_00982,Immune
cell_00983,Stroma
cell_00984,Stroma
cell_00985,Immune
cell_00986,Stroma
cell_00987,Tumor
cell_00988,Stroma
cell_00989,Stroma
cell_00990,Tumor
cell_00991,Stroma
cell_00992,Immune
cell_00993,Tumor
cell_00994,Immune
cell_00995,Stroma
cell_00996,Stroma
cell_00997,Tumor
cell_00998,Immune
cell_00999,Stroma
cell_01000,Immune
cell_01001,Stroma
cell_01002,Immune
cell_01003,Immune
cell_01004,Tumor
cell_01005,Stroma
cell_01006,Tumor
cell_01007,Stroma
cell_01008,Tumor
cell_01009,Stroma
cell_01010,Stroma
cell_01011,Stroma
cell_01012,Stroma
cell_01013,Tumor
cell_01014,Stroma
cell_01015,Immune
cell_01016,Stroma
cell_01017,Tumor
cell_01018,Immune
cell_01019,Stroma
cell_01020,Tumor
cell_01021,Stroma
cell_01022,Tumor
cell_01023,Stroma
cell_01024,Stroma
cell_01025,Stroma
cell_01026,Tumor
cell_01027,Immune
cell_01028,Stroma
cell_01029,Tumor
cell_01030,Tumor
cell_01031,Tumor
cell_01032,Stroma
cell_01033,Tumor
cell_01034,Immune
cell_01035,Stroma
cell_01036,Stroma
cell_01037,Stroma
cell_01038,Stroma
cell_01039,Immune
cell_01040,Immune
cell_01041,Stroma
cell_01042,Stroma
cell_01043,Stroma
cell_01044,Immune
cell_01045,Immune
cell_01046,Immune
cell_01047,Stroma
cell_01048,Stroma
cell_01049,Stroma
cell_01050,Stroma
cell_01051,Immune
cell_01052,Stroma
cell_01053,Immune
cell_01054,Stroma
cell_01055,Stroma
cell_01056,Tumor
cell_01057,Stroma
cell_01058,Stroma
cell_01059,Stroma
cell_01060,Tumor
cell_01061,Stroma
cell_01062,Stroma
cell_01063,Stroma
cell_01064,Stroma
cell_01065,Tumor
cell_01066,Stroma
cell_01067,Stroma
cell_01068,Immune
cell_01069,Stroma
cell_01070,Tumor
cell_01071,Stroma
cell_01072,Stroma
cell_01073,Tumor
cell_01074,Stroma
cell_01075,Immune
cell_01076,Stroma
cell_01077,Stroma
cell_01078,Stroma
cell_01079,Stroma
cell_01080,Stroma
cell_01081,Tumor
cell_01082,Tumor
cell_01083,Stroma
cell_01084,Tumor
cell_01085,Tumor
cell_01086,Tumor
cell_01087,Stroma
cell_01088,Stroma
cell_01089,Stroma
cell_01090,Immune
cell_01091,Stroma
cell_01092,Immune
cell_01093,Immune
cell_01094,Stroma
cell_01095,Stroma
cell_01096,Stroma
cell_01097,Tumor
cell_01098,Tumor
cell_01099,Stroma
cell_01100,Immune
cell_01101,Stroma
cell_01102,Stroma
cell_01103,Stroma
cell_01104,Immune
cell_01105,Stroma
cell_01106,Immune
cell_01107,Stroma
cell_01108,Tumor
cell_01109,Immune
cell_01110,Immune
cell_01111,Stroma
cell_01112,Stroma
cell_01113,Tumor
cell_01114,Tumor
cell_01115,Immune
cell_01116,Immune
cell_01117,Stroma
cell_01118,Stroma
cell_01119,Tumor
cell_01120,Stroma
cell_01121,Immune
cell_01122,Tumor
cell_01123,Immune
cell_01124,Stroma
cell_01125,Tumor
cell_01126,Tumor
cell_01127,Tumor
cell_01128,Tumor
cell_01129,Tumor
cell_01130,Tumor
cell_01131,Tumor
cell_01132,Tumor
cell_01133,Tumor
cell_01134,Tumor
cell_01135,Tumor
cell_01136,Tumor
cell_01137,Stroma
cell_01138,Tumor
cell_01139,Tumor
cell_01140,Tumor
cell_01141,Tumor
cell_01142,Tumor
cell_01143,Tumor
cell_01144,Tumor
cell_01145,Tumor
cell_01146,Tumor
cell_01147,Tumor
cell_01148,Tumor
cell_01149,Tumor
cell_01150,Tumor
cell_01151,Tumor
cell_01152,Tumor
cell_01153,Tumor
cell_01154,Tumor
cell_01155,Immune
cell_01156,Tumor
cell_01157,Tumor
cell_01158,Tumor
cell_01159,Tumor
cell_01160,Stroma
cell_01161,Tumor
cell_01162,Tumor
cell_01163,Tumor
cell_01164,Tumor
cell_01165,Tumor
cell_01166,Tumor
cell_01167,Tumor
cell_01168,Tumor
cell_01169,Tumor
cell_01170,Tumor
cell_01171,Tumor
cell_01172,Tumor
cell_01173,Tumor
cell_01174,Tumor
cell_01175,Immune
cell_01176,Tumor
cell_01177,Immune
cell_01178,Tumor
cell_01179,Tumor
cell_01180,Tumor
cell_01181,Tumor
cell_01182,Immune
cell_01183,Tumor
cell_01184,Tumor
cell_01185,Tumor
cell_01186,Tumor
cell_01187,Tumor
cell_01188,Tumor
cell_01189,Tumor
cell_01190,Tumor
cell_01191,Tumor
cell_01192,Tumor
cell_01193,Tumor
cell_01194,Tumor
cell_01195,Tumor
cell_01196,Tumor
cell_01197,Tumor
cell_01198,Tumor
cell_01199,Tumor
cell_01200,Tumor
cell_01201,Tumor
cell_01202,Tumor
cell_01203,Tumor
cell_01204,Stroma
cell_01205,Tumor
cell_01206,Tumor
cell_01207,Tumor
cell_01208,Tumor
cell_01209,Tumor
cell_01210,Tumor
cell_01211,Tumor
cell_01212,Tumor
cell_01213,Tumor
cell_01214,Tumor
cell_01215,Tumor
cell_01216,Tumor
cell_01217,Tumor
cell_01218,Tumor
cell_01219,Tumor
cell_01220,Tumor
cell_01221,Tumor
cell_01222,Tumor
cell_01223,Tumor
cell_01224,Tumor
cell_01225,Tumor
cell_01226,Tumor
cell_01227,Tumor
cell_01228,Tumor
cell_01229,Tumor
cell_01230,Tumor
cell_01231,Tumor
cell_01232,Tumor
cell_01233,Tumor
cell_01234,Tumor
cell_01235,Tumor
cell_01236,Tumor
cell_01237,Tumor
cell_01238,Tumor
cell_01239,Tumor
cell_01240,Tumor
cell_01241,Tumor
cell_01242,Tumor
cell_01243,Tumor
cell_01244,Tumor
cell_01245,Tumor
cell_01246,Tumor
cell_01247,Tumor
cell_01248,Tumor
cell_01249,Tumor
cell_01250,Tumor
cell_01251,Tumor
cell_01252,Tumor
cell_01253,Tumor
cell_01254,Tumor
cell_01255,Tumor
cell_01256,Tumor
cell_01257,Tumor
cell_01258,Tumor
cell_01259,Tumor
cell_01260,Tumor
cell_01261,Tumor
cell_01262,Tumor
cell_01263,Tumor
cell_01264,Tumor
cell_01265,Immune
cell_01266,Tumor
cell_01267,Tumor
cell_01268,Tumor
cell_01269,Tumor
cell_01270,Stroma
cell_01271,Tumor
cell_01272,Tumor
cell_01273,Tumor
cell_01274,Tumor
cell_01275,Tumor
cell_01276,Tumor
cell_01277,Tumor
cell_01278,Tumor
cell_01279,Tumor
cell_01280,Tumor
cell_01281,Tumor
cell_01282,Tumor
cell_01283,Tumor
cell_01284,Tumor
cell_01285,Tumor
cell_01286,Tumor
cell_01287,Tumor
cell_01288,Tumor
cell_01289,Tumor
cell_01290,Tumor
cell_01291,Tumor
cell_01292,Tumor
cell_01293,Tumor
cell_01294,Tumor
cell_01295,Tumor
cell_01296,Tumor
cell_01297,Tumor
cell_01298,Tumor
cell_01299,Tumor
cell_01300,Tumor
cell_01301,Tumor
cell_01302,Tumor
cell_01303,Tumor
cell_01304,Stroma
cell_01305,Tumor
cell_01306,Tumor
cell_01307,Tumor
cell_01308,Tumor
cell_01309,Tumor
cell_01310,Tumor
cell_01311,Stroma
cell_01312,Tumor
cell_01313,Tumor
cell_01314,Tumor
cell_01315,Tumor
cell_01316,Stroma
cell_01317,Tumor
cell_01318,Tumor
cell_01319,Tumor
cell_01320,Tumor
cell_01321,Tumor
cell_01322,Tumor
cell_01323,Immune
cell_01324,Tumor
cell_01325,Tumor
cell_01326,Tumor
cell_01327,Tumor
cell_01328,Tumor
cell_01329,Tumor
cell_01330,Tumor
cell_01331,Tumor
cell_01332,Tumor
cell_01333,Tumor
cell_01334,Tumor
cell_01335,Tumor
cell_01336,Tumor
cell_01337,Tumor
cell_01338,Tumor
cell_01339,Tumor
cell_01340,Tumor
cell_01341,Stroma
cell_01342,Tumor
cell_01343,Tumor
cell_01344,Tumor
cell_01345,Tumor
cell_01346,Tumor
cell_01347,Tumor
cell_01348,Tumor
cell_01349,Tumor
cell_01350,Tumor
cell_01351,Tumor
cell_01352,Tumor
cell_01353,Tumor
cell_01354,Tumor
cell_01355,Tumor
cell_01356,Tumor
cell_01357,Tumor
cell_01358,Tumor
cell_01359,Tumor
cell_01360,Tumor
cell_01361,Tumor
cell_01362,Tumor
cell_01363,Tumor
cell_01364,Tumor
cell_01365,Tumor
cell_01366,Tumor
cell_01367,Tumor
cell_01368,Tumor
cell_01369,Tumor
cell_01370,Tumor
cell_01371,Tumor
cell_01372,Tumor
cell_01373,Tumor
cell_01374,Tumor
cell_01375,Tumor
cell_01376,Stroma
cell_01377,Immune
cell_01378,Stroma
cell_01379,Stroma
cell_01380,Stroma
cell_01381,Stroma
cell_01382,Stroma
cell_01383,Immune
cell_01384,Immune
cell_01385,Tumor
cell_01386,Stroma
cell_01387,Stroma
cell_01388,Immune
cell_01389,Tumor
cell_01390,Immune
cell_01391,Immune
cell_01392,Stroma
cell_01393,Tumor
cell_01394,Immune
cell_01395,Stroma
cell_01396,Stroma
cell_01397,Immune
cell_01398,Stroma
cell_01399,Stroma
cell_01400,Stroma
cell_01401,Stroma
cell_01402,Immune
cell_01403,Stroma
cell_01404,Stroma
cell_01405,Stroma
cell_01406,Immune
cell_01407,Tumor
cell_01408,Immune
cell_01409,Stroma
cell_01410,Immune
cell_01411,Immune
cell_01412,Immune
cell_01413,Immune
cell_01414,Tumor
cell_01415,Stroma
cell_01416,Stroma
cell_01417,Stroma
cell_01418,Immune
cell_01419,Immune
cell_01420,Immune
cell_01421,Stroma
cell_01422,Stroma
cell_01423,Immune
cell_01424,Stroma
cell_01425,Stroma
cell_01426,Tumor
cell_01427,Stroma
cell_01428,Immune
cell_01429,Stroma
cell_01430,Immune
cell_01431,Stroma
cell_01432,Stroma
cell_01433,Tumor
cell_01434,Tumor
cell_01435,Immune
cell_01436,Tumor
cell_01437,Stroma
cell_01438,Immune
cell_01439,Immune
cell_01440,Tumor
cell_01441,Tumor
cell_01442,Tumor
cell_01443,Tumor
cell_01444,Stroma
cell_01445,Stroma
cell_01446,Immune
cell_01447,Stroma
cell_01448,Stroma
cell_01449,Stroma
cell_01450,Tumor
cell_01451,Stroma
cell_01452,Immune
cell_01453,Immune
cell_01454,Stroma
cell_01455,Stroma
cell_01456,Stroma
cell_01457,Stroma
cell_01458,Immune
cell_01459,Stroma
cell_01460,Stroma
cell_01461,Stroma
cell_01462,Tumor
cell_01463,Stroma
cell_01464,Stroma
cell_01465,Immune
cell_01466,Stroma
cell_01467,Tumor
cell_01468,Stroma
cell_01469,Stroma
cell_01470,Immune
cell_01471,Tumor
cell_01472,Tumor
cell_01473,Stroma
cell_01474,Stroma
cell_01475,Stroma
cell_01476,Stroma
cell_01477,Immune
cell_01478,Stroma
cell_01479,Stroma
cell_01480,Tumor
cell_01481,Stroma
cell_01482,Stroma
cell_01483,Stroma
cell_01484,Stroma
cell_01485,Tumor
cell_01486,Immune
cell_01487,Stroma
cell_01488,Immune
cell_01489,Stroma
cell_01490,Tumor
cell_01491,Stroma
cell_01492,Immune
cell_01493,Immune
cell_01494,Stroma
cell_01495,Stroma
cell_01496,Immune
cell_01497,Stroma
cell_01498,Tumor
cell_01499,Immune
cell_01500,Immune
cell_01501,Immune
cell_01502,Immune
cell_01503,Immune
cell_01504,Immune
cell_01505,Immune
cell_01506,Immune
cell_01507,Immune
cell_01508,Immune
cell_01509,Stroma
cell_01510,Immune
cell_01511,Immune
cell_01512,Immune
cell_01513,Immune
cell_01514,Immune
cell_01515,Immune
cell_01516,Immune
cell_01517,Stroma
cell_01518,Immune
cell_01519,Immune
cell_01520,Immune
cell_01521,Immune
cell_01522,Stroma
cell_01523,Immune
cell_01524,Immune
cell_01525,Immune
cell_01526,Immune
cell_01527,Immune
cell_01528,Immune
cell_01529,Immune
cell_01530,Immune
cell_01531,Immune
cell_01532,Immune
cell_01533,Stroma
cell_01534,Immune
cell_01535,Immune
cell_01536,Stroma
cell_01537,Immune
cell_01538,Stroma
cell_01539,Stroma
cell_01540,Immune
cell_01541,Immune
cell_01542,Immune
cell_01543,Immune
cell_01544,Immune
cell_01545,Immune
cell_01546,Immune
cell_01547,Immune
cell_01548,Immune
cell_01549,Immune
cell_01550,Immune
cell_01551,Immune
cell_01552,Immune
cell_01553,Immune
cell_01554,Immune
cell_01555,Immune
cell_01556,Stroma
cell_01557,Immune
cell_01558,Immune
cell_01559,Immune
cell_01560,Immune
cell_01561,Immune
cell_01562,Immune
cell_01563,Stroma
cell_01564,Immune
cell_01565,Immune
cell_01566,Immune
cell_01567,Immune
cell_01568,Immune
cell_01569,Immune
cell_01570,Immune
cell_01571,Stroma
cell_01572,Immune
cell_01573,Immune
cell_01574,Immune
cell_01575,Immune
cell_01576,Immune
cell_01577,Stroma
cell_01578,Immune
cell_01579,Stroma
cell_01580,Immune
cell_01581,Immune
cell_01582,Immune
cell_01583,Immune
cell_01584,Immune
cell_01585,Immune
cell_01586,Immune
cell_01587,Immune
cell_01588,Immune
cell_01589,Immune
cell_01590,Immune
cell_01591,Immune
cell_01592,Immune
cell_01593,Immune
cell_01594,Stroma
cell_01595,Immune
cell_01596,Immune
cell_01597,Immune
cell_01598,Immune
cell_01599,Immune
cell_01600,Stroma
cell_01601,Immune
cell_01602,Immune
cell_01603,Stroma
cell_01604,Immune
cell_01605,Immune
cell_01606,Stroma
cell_01607,Immune
cell_01608,Immune
cell_01609,Immune
cell_01610,Tumor
cell_01611,Stroma
cell_01612,Immune
cell_01613,Immune
cell_01614,Immune
cell_01615,Immune
cell_01616,Immune
cell_01617,Stroma
cell_01618,Stroma
cell_01619,Immune
cell_01620,Immune
cell_01621,Immune
cell_01622,Immune
cell_01623,Immune
cell_01624,Tumor
cell_01625,Stroma
cell_01626,Immune
cell_01627,Immune
cell_01628,Stroma
cell_01629,Stroma
cell_01630,Tumor
cell_01631,Immune
cell_01632,Stroma
cell_01633,Stroma
cell_01634,Stroma
cell_01635,Tumor
cell_01636,Immune
cell_01637,Tumor
cell_01638,Tumor
cell_01639,Stroma
cell_01640,Stroma
cell_01641,Stroma
cell_01642,Immune
cell_01643,Stroma
cell_01644,Stroma
cell_01645,Stroma
cell_01646,Stroma
cell_01647,Stroma
cell_01648,Tumor
cell_01649,Immune
cell_01650,Stroma
cell_01651,Stroma
cell_01652,Stroma
cell_01653,Stroma
cell_01654,Stroma
cell_01655,Tumor
cell_01656,Stroma
cell_01657,Stroma
cell_01658,Immune
cell_01659,Stroma
cell_01660,Stroma
cell_01661,Stroma
cell_01662,Immune
cell_01663,Immune
cell_01664,Tumor
cell_01665,Stroma
cell_01666,Tumor
cell_01667,Stroma
cell_01668,Stroma
cell_01669,Stroma
cell_01670,Stroma
cell_01671,Stroma
cell_01672,Stroma
cell_01673,Stroma
cell_01674,Stroma
cell_01675,Immune
cell_01676,Stroma
cell_01677,Stroma
cell_01678,Tumor
cell_01679,Tumor
cell_01680,Stroma
cell_01681,Tumor
cell_01682,Stroma
cell_01683,Stroma
cell_01684,Stroma
cell_01685,Immune
cell_01686,Stroma
cell_01687,Immune
cell_01688,Stroma
cell_01689,Stroma
cell_01690,Tumor
cell_01691,Stroma
cell_01692,Stroma
cell_01693,Stroma
cell_01694,Stroma
cell_01695,Stroma
cell_01696,Stroma
cell_01697,Tumor
cell_01698,Tumor
cell_01699,Stroma
cell_01700,Immune
cell_01701,Tumor
cell_01702,Stroma
cell_01703,Stroma
cell_01704,Tumor
cell_01705,Tumor
cell_01706,Stroma
cell_01707,Stroma
cell_01708,Stroma
cell_01709,Immune
cell_01710,Immune
cell_01711,Immune
cell_01712,Immune
cell_01713,Stroma
cell_01714,Immune
cell_01715,Immune
cell_01716,Immune
cell_01717,Immune
cell_01718,Immune
cell_01719,Stroma
cell_01720,Immune
cell_01721,Stroma
cell_01722,Immune
cell_01723,Stroma
cell_01724,Immune
cell_01725,Immune
cell_01726,Immune
cell_01727,Tumor
cell_01728,Immune
cell_01729,Immune
cell_01730,Immune
cell_01731,Immune
cell_01732,Stroma
cell_01733,Stroma
cell_01734,Tumor
cell_01735,Immune
cell_01736,Tumor
cell_01737,Immune
cell_01738,Immune
cell_01739,Stroma
cell_01740,Stroma
cell_01741,Stroma
cell_01742,Immune
cell_01743,Stroma
cell_01744,Tumor
cell_01745,Stroma
cell_01746,Tumor
cell_01747,Immune
cell_01748,Stroma
cell_01749,Stroma
cell_01750,Stroma
cell_01751,Stroma
cell_01752,Stroma
cell_01753,Immune
cell_01754,Stroma
cell_01755,Stroma
cell_01756,Tumor
cell_01757,Stroma
cell_01758,Immune
cell_01759,Stroma
cell_01760,Immune
cell_01761,Stroma
cell_01762,Tumor
cell_01763,Tumor
cell_01764,Tumor
cell_01765,Stroma
cell_01766,Stroma
cell_01767,Stroma
cell_01768,Stroma
cell_01769,Stroma
cell_01770,Immune
cell_01771,Immune
cell_01772,Stroma
cell_01773,Immune
cell_01774,Immune
cell_01775,Tumor
cell_01776,Immune
cell_01777,Tumor
cell_01778,Stroma
cell_01779,Immune
cell_01780,Tumor
cell_01781,Immune
cell_01782,Immune
cell_01783,Tumor
cell_01784,Stroma
cell_01785,Immune
cell_01786,Immune
cell_01787,Stroma
cell_01788,Stroma
cell_01789,Stroma
cell_01790,Stroma
cell_01791,Stroma
cell_01792,Tumor
cell_01793,Stroma
cell_01794,Stroma
cell_01795,Stroma
cell_01796,Stroma
cell_01797,Stroma
cell_01798,Stroma
cell_01799,Stroma
cell_01800,Tumor
cell_01801,Stroma
cell_01802,Stroma
cell_01803,Stroma
cell_01804,Tumor
cell_01805,Stroma
cell_01806,Stroma
cell_01807,Stroma
cell_01808,Immune
cell_01809,Stroma
cell_01810,Stroma
cell_01811,Tumor
cell_01812,Stroma
cell_01813,Tumor
cell_01814,Stroma
cell_01815,Stroma
cell_01816,Stroma
cell_01817,Stroma
cell_01818,Stroma
cell_01819,Immune
cell_01820,Immune
cell_01821,Stroma
cell_01822,Stroma
cell_01823,Tumor
cell_01824,Immune
cell_01825,Stroma
cell_01826,Stroma
cell_01827,Stroma
cell_01828,Immune
cell_01829,Stroma
cell_01830,Stroma
cell_01831,Immune
cell_01832,Stroma
cell_01833,Stroma
cell_01834,Stroma
cell_01835,Stroma
cell_01836,Stroma
cell_01837,Tumor
cell_01838,Immune
cell_01839,Stroma
cell_01840,Stroma
cell_01841,Stroma
cell_01842,Stroma
cell_01843,Immune
cell_01844,Immune
cell_01845,Stroma
cell_01846,Stroma
cell_01847,Stroma
cell_01848,Stroma
cell_01849,Stroma
cell_01850,Stroma
cell_01851,Stroma
cell_01852,Stroma
cell_01853,Stroma
cell_01854,Stroma
cell_01855,Stroma
cell_01856,Stroma
cell_01857,Stroma
cell_01858,Stroma
cell_01859,Tumor
cell_01860,Stroma
cell_01861,Tumor
cell_01862,Immune
cell_01863,Stroma
cell_01864,Immune
cell_01865,Stroma
cell_01866,Stroma
cell_01867,Tumor
cell_01868,Stroma
cell_01869,Stroma
cell_01870,Stroma
cell_01871,Tumor
cell_01872,Stroma
cell_01873,Stroma
cell_01874,Immune
cell_01875,Immune
cell_01876,Stroma
cell_01877,Immune
cell_01878,Immune
cell_01879,Immune
cell_01880,Immune
cell_01881,Immune
cell_01882,Immune
cell_01883,Immune
cell_01884,Immune
cell_01885,Stroma
cell_01886,Immune
cell_01887,Immune
cell_01888,Immune
cell_01889,Immune
cell_01890,Stroma
cell_01891,Immune
cell_01892,Immune
cell_01893,Stroma
cell_01894,Immune
cell_01895,Immune
cell_01896,Immune
cell_01897,Immune
cell_01898,Stroma
cell_01899,Stroma
cell_01900,Immune
cell_01901,Stroma
cell_01902,Immune
cell_01903,Immune
cell_01904,Immune
cell_01905,Immune
cell_01906,Immune
cell_01907,Immune
cell_01908,Immune
cell_01909,Immune
cell_01910,Stroma
cell_01911,Immune
cell_01912,Immune
cell_01913,Immune
cell_01914,Stroma
cell_01915,Stroma
cell_01916,Immune
cell_01917,Immune
cell_01918,Immune
cell_01919,Immune
cell_01920,Immune
cell_01921,Stroma
cell_01922,Immune
cell_01923,Immune
cell_01924,Stroma
cell_01925,Immune
cell_01926,Immune
cell_01927,Immune
cell_01928,Stroma
cell_01929,Tumor
cell_01930,Immune
cell_01931,Immune
cell_01932,Immune
cell_01933,Immune
cell_01934,Immune
cell_01935,Stroma
cell_01936,Immune
cell_01937,Immune
cell_01938,Immune
cell_01939,Stroma
cell_01940,Stroma
cell_01941,Immune
cell_01942,Immune
cell_01943,Immune
cell_01944,Immune
cell_01945,Immune
cell_01946,Stroma
cell_01947,Immune
cell_01948,Immune
cell_01949,Immune
cell_01950,Immune
cell_01951,Immune
cell_01952,Immune
cell_01953,Immune
cell_01954,Immune
cell_01955,Immune
cell_01956,Immune
cell_01957,Immune
cell_01958,Immune
cell_01959,Immune
cell_01960,Stroma
cell_01961,Stroma
cell_01962,Immune
cell_01963,Stroma
cell_01964,Immune
cell_01965,Stroma
cell_01966,Immune
cell_01967,Immune
cell_01968,Immune
cell_01969,Immune
cell_01970,Immune
cell_01971,Stroma
cell_01972,Immune
cell_01973,Stroma
cell_01974,Stroma
cell_01975,Stroma
cell_01976,Stroma
cell_01977,Immune
cell_01978,Immune
cell_01979,Immune
cell_01980,Immune
cell_01981,Immune
cell_01982,Immune
cell_01983,Stroma
cell_01984,Immune
cell_01985,Immune
cell_01986,Tumor
cell_01987,Immune
cell_01988,Immune
cell_01989,Immune
cell_01990,Immune
cell_01991,Immune
cell_01992,Stroma
cell_01993,Stroma
cell_01994,Immune
cell_01995,Immune
cell_01996,Stroma
cell_01997,Immune
cell_01998,Immune
cell_01999,Immune
