"package","version","library","shadowed_version","built"
"abind","1.4-8","R_LIBS_USER",,"4.4.2"
"annotate","1.84.0","R_LIBS_USER",,"4.4.2"
"AnnotationDbi","1.68.0","R_LIBS_USER",,"4.4.2"
"AnnotationHub","3.14.0","R_LIBS_USER",,"4.4.2"
"askpass","1.2.1","R module",,"4.4.2"
"assertthat","0.2.1","R_LIBS_USER",,"4.4.2"
"assorthead","1.0.1","R_LIBS_USER",,"4.4.2"
"babelgene","22.9","R_LIBS_USER",,"4.4.2"
"backports","1.5.1","R_LIBS_USER",,"4.4.2"
"base","4.4.2","R module",,"4.4.2"
"base64enc","0.1-3","R module",,"4.4.2"
"beachmat","2.22.0","R_LIBS_USER",,"4.4.2"
"BH","1.90.0-1","R_LIBS_USER",,"4.4.2"
"bigmemory","4.6.4","R_LIBS_USER",,"4.4.2"
"bigmemory.sri","0.1.8","R_LIBS_USER",,"4.4.2"
"Biobase","2.66.0","R_LIBS_USER",,"4.4.2"
"BiocFileCache","2.14.0","R_LIBS_USER",,"4.4.2"
"BiocGenerics","0.52.0","R_LIBS_USER",,"4.4.2"
"BiocManager","1.30.27","R_LIBS_USER",,"4.4.2"
"BiocNeighbors","2.0.1","R_LIBS_USER",,"4.4.2"
"BiocParallel","1.40.2","R_LIBS_USER",,"4.4.2"
"BiocSingular","1.22.0","R_LIBS_USER",,"4.4.2"
"BiocVersion","3.20.0","R_LIBS_USER",,"4.4.2"
"Biostrings","2.74.1","R_LIBS_USER",,"4.4.2"
"bit","4.6.0","R_LIBS_USER",,"4.4.2"
"bit64","4.8.0","R_LIBS_USER",,"4.4.2"
"bitops","1.0-9","R_LIBS_USER",,"4.4.2"
"blob","1.3.0","R_LIBS_USER",,"4.4.2"
"bluster","1.16.0","R_LIBS_USER",,"4.4.2"
"boot","1.3-32","R_LIBS_USER",,"4.4.2"
"brew","1.0-10","R module",,"4.4.2"
"brio","1.1.5","R module",,"4.4.2"
"broom","1.0.12","R_LIBS_USER",,"4.4.2"
"bslib","0.8.0","R module",,"4.4.2"
"cachem","1.1.0","R module",,"4.4.2"
"callr","3.7.6","R module",,"4.4.2"
"car","3.1-5","R_LIBS_USER",,"4.4.2"
"carData","3.0-6","R_LIBS_USER",,"4.4.2"
"caTools","1.18.3","R_LIBS_USER",,"4.4.2"
"cellranger","1.1.0","R_LIBS_USER",,"4.4.2"
"cli","3.6.6","R_LIBS_USER","3.6.3","4.4.2"
"clipr","0.8.0","R module",,"4.4.2"
"cluster","2.1.8.2","R_LIBS_USER",,"4.4.2"
"codetools","0.2-20","R_LIBS_USER",,"4.4.2"
"colorspace","2.1-2","R_LIBS_USER",,"4.4.2"
"commonmark","1.9.2","R module",,"4.4.2"
"compiler","4.4.2","R module",,"4.4.2"
"conflicted","1.2.0","R_LIBS_USER",,"4.4.2"
"corrplot","0.95","R_LIBS_USER",,"4.4.2"
"cowplot","1.2.0","R_LIBS_USER",,"4.4.2"
"cpp11","0.5.4","R_LIBS_USER","0.5.0","4.4.2"
"crayon","1.5.3","R module",,"4.4.2"
"credentials","2.0.2","R module",,"4.4.2"
"crosstalk","1.2.2","R_LIBS_USER",,"4.4.2"
"curl","6.0.1","R module",,"4.4.2"
"data.table","1.18.2.1","R_LIBS_USER",,"4.4.2"
"datasets","4.4.2","R module",,"4.4.2"
"DBI","1.3.0","R_LIBS_USER",,"4.4.2"
"dbplyr","2.5.2","R_LIBS_USER",,"4.4.2"
"DelayedArray","0.32.0","R_LIBS_USER",,"4.4.2"
"DelayedMatrixStats","1.28.1","R_LIBS_USER",,"4.4.2"
"deldir","2.0-4","R_LIBS_USER",,"4.4.2"
"Deriv","4.2.0","R_LIBS_USER",,"4.4.2"
"desc","1.4.3","R module",,"4.4.2"
"DESeq2","1.46.0","R_LIBS_USER",,"4.4.2"
"devtools","2.4.5","R module",,"4.4.2"
"diffobj","0.3.5","R module",,"4.4.2"
"digest","0.6.37","R module",,"4.4.2"
"doBy","4.7.1","R_LIBS_USER",,"4.4.2"
"dotCall64","1.2","R_LIBS_USER",,"4.4.2"
"downlit","0.4.4","R module",,"4.4.2"
"dplyr","1.2.1","R_LIBS_USER",,"4.4.2"
"dqrng","0.4.1","R_LIBS_USER",,"4.4.2"
"dtplyr","1.3.3","R_LIBS_USER",,"4.4.2"
"edgeR","4.4.2","R_LIBS_USER",,"4.4.2"
"ellipsis","0.3.3","R_LIBS_USER","0.3.2","4.4.2"
"evaluate","1.0.5","R_LIBS_USER","1.0.1","4.4.2"
"ExperimentHub","2.14.0","R_LIBS_USER",,"4.4.2"
"fansi","1.0.6","R module",,"4.4.2"
"farver","2.1.2","R_LIBS_USER",,"4.4.2"
"fastDummies","1.7.6","R_LIBS_USER",,"4.4.2"
"fastglm","0.0.4","R_LIBS_USER",,"4.4.2"
"fastmap","1.2.0","R module",,"4.4.2"
"filelock","1.0.3","R_LIBS_USER",,"4.4.2"
"fitdistrplus","1.2-6","R_LIBS_USER",,"4.4.2"
"FNN","1.1.4.1","R_LIBS_USER",,"4.4.2"
"fontawesome","0.5.3","R module",,"4.4.2"
"forcats","1.0.1","R_LIBS_USER",,"4.4.2"
"forecast","9.0.2","R_LIBS_USER",,"4.4.2"
"formatR","1.14","R_LIBS_USER",,"4.4.2"
"Formula","1.2-5","R_LIBS_USER",,"4.4.2"
"fracdiff","1.5-4","R_LIBS_USER",,"4.4.2"
"fs","1.6.5","R module",,"4.4.2"
"futile.logger","1.4.9","R_LIBS_USER",,"4.4.2"
"futile.options","1.0.1","R_LIBS_USER",,"4.4.2"
"future","1.70.0","R_LIBS_USER",,"4.4.2"
"future.apply","1.20.2","R_LIBS_USER",,"4.4.2"
"gargle","1.6.1","R_LIBS_USER",,"4.4.2"
"generics","0.1.4","R_LIBS_USER",,"4.4.2"
"GenomeInfoDb","1.42.3","R_LIBS_USER",,"4.4.2"
"GenomeInfoDbData","1.2.13","R_LIBS_USER",,"4.4.2"
"GenomicRanges","1.58.0","R_LIBS_USER",,"4.4.2"
"gert","2.1.4","R module",,"4.4.2"
"ggplot2","4.0.3","R_LIBS_USER",,"4.4.2"
"ggrepel","0.9.8","R_LIBS_USER",,"4.4.2"
"ggridges","0.5.7","R_LIBS_USER",,"4.4.2"
"gh","1.4.1","R module",,"4.4.2"
"gitcreds","0.1.2","R module",,"4.4.2"
"globals","0.19.1","R_LIBS_USER",,"4.4.2"
"glue","1.8.0","R module",,"4.4.2"
"GO.db","3.18.0","R_LIBS_USER",,"4.4.2"
"goftest","1.2-3","R_LIBS_USER",,"4.4.2"
"GOfuncR","1.26.0","R_LIBS_USER",,"4.4.2"
"googledrive","2.1.2","R_LIBS_USER",,"4.4.2"
"googlesheets4","1.1.2","R_LIBS_USER",,"4.4.2"
"gplots","3.3.0","R_LIBS_USER",,"4.4.2"
"graph","1.84.1","R_LIBS_USER",,"4.4.2"
"graphics","4.4.2","R module",,"4.4.2"
"grDevices","4.4.2","R module",,"4.4.2"
"grid","4.4.2","R module",,"4.4.2"
"gridExtra","2.3","R_LIBS_USER",,"4.4.2"
"GSEABase","1.68.0","R_LIBS_USER",,"4.4.2"
"gtable","0.3.6","R_LIBS_USER",,"4.4.2"
"gtools","3.9.5","R_LIBS_USER",,"4.4.2"
"haven","2.5.5","R_LIBS_USER",,"4.4.2"
"HDF5Array","1.34.0","R_LIBS_USER",,"4.4.2"
"here","1.0.2","R_LIBS_USER",,"4.4.2"
"highr","0.11","R module",,"4.4.2"
"hms","1.1.4","R_LIBS_USER",,"4.4.2"
"htmltools","0.5.8.1","R module",,"4.4.2"
"htmlwidgets","1.6.4","R module",,"4.4.2"
"httpuv","1.6.15","R module",,"4.4.2"
"httr","1.4.7","R module",,"4.4.2"
"httr2","1.0.6","R module",,"4.4.2"
"ica","1.0-3","R_LIBS_USER",,"4.4.2"
"ids","1.0.1","R_LIBS_USER",,"4.4.2"
"igraph","2.3.1","R_LIBS_USER",,"4.4.2"
"ini","0.3.1","R module",,"4.4.2"
"InSituType","2.0","R_LIBS_USER",,"4.4.2"
"IRanges","2.40.1","R_LIBS_USER",,"4.4.2"
"irlba","2.3.7","R_LIBS_USER",,"4.4.2"
"isoband","0.3.0","R_LIBS_USER",,"4.4.2"
"jquerylib","0.1.4","R module",,"4.4.2"
"jsonlite","2.0.0","R_LIBS_USER","1.8.9","4.4.2"
"KEGGREST","1.46.0","R_LIBS_USER",,"4.4.2"
"KernSmooth","2.23-26","R_LIBS_USER",,"4.4.2"
"knitr","1.49","R module",,"4.4.2"
"labeling","0.4.3","R_LIBS_USER",,"4.4.2"
"lambda.r","1.2.4","R_LIBS_USER",,"4.4.2"
"later","1.3.2","R module",,"4.4.2"
"lattice","0.22-9","R_LIBS_USER",,"4.4.2"
"lazyeval","0.2.3","R_LIBS_USER",,"4.4.2"
"lifecycle","1.0.5","R_LIBS_USER","1.0.4","4.4.2"
"limma","3.62.2","R_LIBS_USER",,"4.4.2"
"listenv","0.10.1","R_LIBS_USER",,"4.4.2"
"lme4","2.0-1","R_LIBS_USER",,"4.4.2"
"lmtest","0.9-40","R_LIBS_USER",,"4.4.2"
"locfit","1.5-9.12","R_LIBS_USER",,"4.4.2"
"lsa","0.73.4","R_LIBS_USER",,"4.4.2"
"lubridate","1.9.5","R_LIBS_USER",,"4.4.2"
"magick","2.9.1","R_LIBS_USER",,"4.4.2"
"magrittr","2.0.3","R module",,"4.4.2"
"mapplots","1.5.3","R_LIBS_USER",,"4.4.2"
"MASS","7.3-65","R_LIBS_USER",,"4.4.2"
"Matrix","1.7-5","R_LIBS_USER",,"4.4.2"
"MatrixGenerics","1.18.1","R_LIBS_USER",,"4.4.2"
"MatrixModels","0.5-4","R_LIBS_USER",,"4.4.2"
"matrixStats","1.5.0","R_LIBS_USER",,"4.4.2"
"mclust","6.1.2","R_LIBS_USER",,"4.4.2"
"memoise","2.0.1","R module",,"4.4.2"
"metapod","1.14.0","R_LIBS_USER",,"4.4.2"
"methods","4.4.2","R module",,"4.4.2"
"mgcv","1.9-4","R_LIBS_USER",,"4.4.2"
"microbenchmark","1.5.0","R_LIBS_USER",,"4.4.2"
"mime","0.12","R module",,"4.4.2"
"miniUI","0.1.2","R_LIBS_USER","0.1.1.1","4.4.2"
"minqa","1.2.8","R_LIBS_USER",,"4.4.2"
"modelr","0.1.11","R_LIBS_USER",,"4.4.2"
"msigdb","1.14.0","R_LIBS_USER",,"4.4.2"
"msigdbr","26.1.0","R_LIBS_USER",,"4.4.2"
"nlme","3.1-169","R_LIBS_USER",,"4.4.2"
"nloptr","2.2.1","R_LIBS_USER",,"4.4.2"
"nnet","7.3-20","R_LIBS_USER",,"4.4.2"
"numDeriv","2016.8-1.1","R_LIBS_USER",,"4.4.2"
"openssl","2.2.2","R module",,"4.4.2"
"org.Hs.eg.db","3.20.0","R_LIBS_USER",,"4.4.2"
"org.Mm.eg.db","3.20.0","R_LIBS_USER",,"4.4.2"
"otel","0.2.0","R_LIBS_USER",,"4.4.2"
"pak","0.9.5","R_LIBS_USER",,"4.4.2"
"parallel","4.4.2","R module",,"4.4.2"
"parallelly","1.47.0","R_LIBS_USER",,"4.4.2"
"patchwork","1.3.2","R_LIBS_USER",,"4.4.2"
"pbapply","1.7-4","R_LIBS_USER",,"4.4.2"
"pbkrtest","0.5.5","R_LIBS_USER",,"4.4.2"
"peakRAM","1.0.3","R_LIBS_USER",,"4.4.2"
"pheatmap","1.0.13","R_LIBS_USER",,"4.4.2"
"pillar","1.9.0","R module",,"4.4.2"
"pkgbuild","1.4.8","R_LIBS_USER","1.4.5","4.4.2"
"pkgconfig","2.0.3","R module",,"4.4.2"
"pkgdown","2.2.0","R_LIBS_USER","2.1.1","4.4.2"
"pkgload","1.5.2","R_LIBS_USER","1.4.0","4.4.2"
"plotly","4.12.0","R_LIBS_USER",,"4.4.2"
"plyr","1.8.9","R_LIBS_USER",,"4.4.2"
"png","0.1-9","R_LIBS_USER",,"4.4.2"
"polyclip","1.10-7","R_LIBS_USER",,"4.4.2"
"praise","1.0.0","R module",,"4.4.2"
"prettyunits","1.2.0","R module",,"4.4.2"
"processx","3.9.0","R_LIBS_USER","3.8.4","4.4.2"
"profvis","0.4.0","R module",,"4.4.2"
"progress","1.2.3","R_LIBS_USER",,"4.4.2"
"progressr","0.19.0","R_LIBS_USER",,"4.4.2"
"promises","1.3.0","R module",,"4.4.2"
"ps","1.9.3","R_LIBS_USER","1.8.1","4.4.2"
"purrr","1.0.2","R module",,"4.4.2"
"quantreg","6.1","R_LIBS_USER",,"4.4.2"
"R6","2.6.1","R_LIBS_USER","2.5.1","4.4.2"
"ragg","1.3.3","R module",,"4.4.2"
"RANN","2.6.2","R_LIBS_USER",,"4.4.2"
"rappdirs","0.3.3","R module",,"4.4.2"
"rbibutils","2.4.1","R_LIBS_USER",,"4.4.2"
"rcmdcheck","1.4.0","R module",,"4.4.2"
"RColorBrewer","1.1-3","R_LIBS_USER",,"4.4.2"
"Rcpp","1.1.1-1.1","R_LIBS_USER","1.0.13-1","4.4.2"
"RcppAnnoy","0.0.23","R_LIBS_USER",,"4.4.2"
"RcppArmadillo","15.2.6-1","R_LIBS_USER",,"4.4.2"
"RcppEigen","0.3.4.0.2","R_LIBS_USER",,"4.4.2"
"RcppHNSW","0.6.0","R_LIBS_USER",,"4.4.2"
"RcppProgress","0.4.2","R_LIBS_USER",,"4.4.2"
"RcppTOML","0.2.3","R_LIBS_USER",,"4.4.2"
"RCurl","1.98-1.18","R_LIBS_USER",,"4.4.2"
"Rdpack","2.6.6","R_LIBS_USER",,"4.4.2"
"readr","2.2.0","R_LIBS_USER",,"4.4.2"
"readxl","1.4.5","R_LIBS_USER",,"4.4.2"
"reformulas","0.4.4","R_LIBS_USER",,"4.4.2"
"rematch","2.0.0","R_LIBS_USER",,"4.4.2"
"rematch2","2.1.2","R module",,"4.4.2"
"remotes","2.5.0","R_LIBS_USER","2.5.0","4.4.2"
"reprex","2.1.1","R_LIBS_USER",,"4.4.2"
"reshape2","1.4.5","R_LIBS_USER",,"4.4.2"
"reticulate","1.46.0","R_LIBS_USER",,"4.4.2"
"rhdf5","2.50.2","R_LIBS_USER",,"4.4.2"
"rhdf5filters","1.18.1","R_LIBS_USER",,"4.4.2"
"Rhdf5lib","1.28.0","R_LIBS_USER",,"4.4.2"
"rjson","0.2.23","R_LIBS_USER",,"4.4.2"
"rlang","1.2.0","R_LIBS_USER","1.1.4","4.4.2"
"rmarkdown","2.29","R module",,"4.4.2"
"ROCR","1.0-12","R_LIBS_USER",,"4.4.2"
"roxygen2","8.0.0","R_LIBS_USER","7.3.2","4.4.2"
"rprojroot","2.1.1","R_LIBS_USER","2.0.4","4.4.2"
"RSpectra","0.16-2","R_LIBS_USER",,"4.4.2"
"RSQLite","2.4.6","R_LIBS_USER",,"4.4.2"
"rstatix","0.7.3","R_LIBS_USER",,"4.4.2"
"rstudioapi","0.17.1","R module",,"4.4.2"
"rsvd","1.0.5","R_LIBS_USER",,"4.4.2"
"Rtsne","0.17","R_LIBS_USER",,"4.4.2"
"rversions","3.0.0","R_LIBS_USER","2.1.2","4.4.2"
"rvest","1.0.5","R_LIBS_USER",,"4.4.2"
"S4Arrays","1.6.0","R_LIBS_USER",,"4.4.2"
"S4Vectors","0.44.0","R_LIBS_USER",,"4.4.2"
"S7","0.2.2","R_LIBS_USER",,"4.4.2"
"sass","0.4.9","R module",,"4.4.2"
"ScaledMatrix","1.14.0","R_LIBS_USER",,"4.4.2"
"scales","1.4.0","R_LIBS_USER",,"4.4.2"
"scattermore","1.2","R_LIBS_USER",,"4.4.2"
"scGSVA","0.0.27","R_LIBS_USER",,"4.4.2"
"scran","1.34.0","R_LIBS_USER",,"4.4.2"
"sctransform","0.4.3","R_LIBS_USER",,"4.4.2"
"scuttle","1.16.0","R_LIBS_USER",,"4.4.2"
"selectr","0.5-1","R_LIBS_USER",,"4.4.2"
"sessioninfo","1.2.3","R_LIBS_USER","1.2.2","4.4.2"
"Seurat","5.5.0","R_LIBS_USER",,"4.4.2"
"SeuratObject","5.4.0","R_LIBS_USER",,"4.4.2"
"shiny","1.9.1","R module",,"4.4.2"
"SingleCellExperiment","1.28.1","R_LIBS_USER",,"4.4.2"
"SingleR","2.8.0","R_LIBS_USER",,"4.4.2"
"sitmo","2.0.2","R_LIBS_USER",,"4.4.2"
"sm","2.2-6.0","R_LIBS_USER",,"4.4.2"
"snow","0.4-4","R_LIBS_USER",,"4.4.2"
"SnowballC","0.7.1","R_LIBS_USER",,"4.4.2"
"sourcetools","0.1.7-1","R module",,"4.4.2"
"sp","2.2-1","R_LIBS_USER",,"4.4.2"
"spam","2.11-3","R_LIBS_USER",,"4.4.2"
"SpaNorm","1.0.0","R_LIBS_USER",,"4.4.2"
"SparseArray","1.6.2","R_LIBS_USER",,"4.4.2"
"SparseM","1.84-2","R_LIBS_USER",,"4.4.2"
"sparseMatrixStats","1.18.0","R_LIBS_USER",,"4.4.2"
"SpatialExperiment","1.16.0","R_LIBS_USER",,"4.4.2"
"spatstat.data","3.1-9","R_LIBS_USER",,"4.4.2"
"spatstat.explore","3.8-0","R_LIBS_USER",,"4.4.2"
"spatstat.geom","3.7-3","R_LIBS_USER",,"4.4.2"
"spatstat.random","3.4-5","R_LIBS_USER",,"4.4.2"
"spatstat.sparse","3.1-0","R_LIBS_USER",,"4.4.2"
"spatstat.univar","3.1-7","R_LIBS_USER",,"4.4.2"
"spatstat.utils","3.2-2","R_LIBS_USER",,"4.4.2"
"splines","4.4.2","R module",,"4.4.2"
"statmod","1.5.1","R_LIBS_USER",,"4.4.2"
"stats","4.4.2","R module",,"4.4.2"
"stats4","4.4.2","R module",,"4.4.2"
"stringi","1.8.4","R module",,"4.4.2"
"stringr","1.5.1","R module",,"4.4.2"
"SummarizedExperiment","1.36.0","R_LIBS_USER",,"4.4.2"
"survival","3.8-6","R_LIBS_USER",,"4.4.2"
"sys","3.4.3","R module",,"4.4.2"
"systemfonts","1.1.0","R module",,"4.4.2"
"tcltk","4.4.2","R module",,"4.4.2"
"tensor","1.5.1","R_LIBS_USER",,"4.4.2"
"testthat","3.3.2","R_LIBS_USER","3.2.1.1","4.4.2"
"textshaping","0.4.0","R module",,"4.4.2"
"tibble","3.3.1","R_LIBS_USER","3.2.1","4.4.2"
"tidyr","1.3.2","R_LIBS_USER",,"4.4.2"
"tidyselect","1.2.1","R_LIBS_USER",,"4.4.2"
"tidyverse","2.0.0","R_LIBS_USER",,"4.4.2"
"timechange","0.4.0","R_LIBS_USER",,"4.4.2"
"timeDate","4052.112","R_LIBS_USER",,"4.4.2"
"tinytex","0.54","R module",,"4.4.2"
"tools","4.4.2","R module",,"4.4.2"
"tzdb","0.5.0","R_LIBS_USER",,"4.4.2"
"UCell","2.10.1","R_LIBS_USER",,"4.4.2"
"UCSC.utils","1.2.0","R_LIBS_USER",,"4.4.2"
"umap","0.2.10.0","R_LIBS_USER",,"4.4.2"
"urca","1.3-4","R_LIBS_USER",,"4.4.2"
"urlchecker","1.0.1","R module",,"4.4.2"
"usethis","3.2.1","R_LIBS_USER","3.0.0","4.4.2"
"utf8","1.2.4","R module",,"4.4.2"
"utils","4.4.2","R module",,"4.4.2"
"uuid","1.2-2","R_LIBS_USER",,"4.4.2"
"uwot","0.2.4","R_LIBS_USER",,"4.4.2"
"vctrs","0.7.3","R_LIBS_USER","0.6.5","4.4.2"
"vioplot","0.5.1","R_LIBS_USER",,"4.4.2"
"viridis","0.6.5","R_LIBS_USER",,"4.4.2"
"viridisLite","0.4.3","R_LIBS_USER",,"4.4.2"
"vroom","1.7.1","R_LIBS_USER",,"4.4.2"
"waldo","0.6.2","R_LIBS_USER","0.6.1","4.4.2"
"whisker","0.4.1","R module",,"4.4.2"
"withr","3.0.2","R module",,"4.4.2"
"xfun","0.49","R module",,"4.4.2"
"XML","3.99-0.23","R_LIBS_USER",,"4.4.2"
"xml2","1.5.2","R_LIBS_USER","1.3.6","4.4.2"
"xopen","1.0.1","R module",,"4.4.2"
"xtable","1.8-4","R module",,"4.4.2"
"XVector","0.46.0","R_LIBS_USER",,"4.4.2"
"yaml","2.3.10","R module",,"4.4.2"
"zip","2.3.1","R module",,"4.4.2"
"zlibbioc","1.52.0","R_LIBS_USER",,"4.4.2"
"zoo","1.8-15","R_LIBS_USER",,"4.4.2"
